smiles,target
ClC(Cl)C(Cl)(Cl)Cl,-2.6
Cc1ccc(O)cc1,-0.73
CCOP(=S)(OCC)SCCSCC,-4.23
CCC(C)CC,-3.68
CN(C)C(=O)OC1=CC(=O)CC(C)(C)C1,-0.85
Cc1cccc2c(C)cccc12,-4.678999999999999
CCCCC1(CC)C(=O)NC(=O)NC1=O,-1.661
COP(=O)(OC)OC(Br)C(Cl)(Cl)Br,-2.28
ClCCCl,-1.06
CC(C)CCCO,-1.14
O=C1N(C2CCC(=O)NC2=O)C(=O)c3ccccc13,-2.676
CC23Cc1cnoc1C=C2CCC4C3CCC5(C)C4CCC5(O)C#C,-5.507000000000001
O=C1NC(=O)NC(=O)C1(CC)CC=C,-1.614
CC(C)CC(=O)C,-0.74
Clc1cc(Cl)c(Cl)c(c1Cl)c2c(Cl)c(Cl)cc(Cl)c2Cl,-9.15
OCC(O)C(O)C(O)C(O)CO,1.09
C1CCCCCCC1,-4.15
CC(C)SC(C)C,-2.24
Cc1ccc(OP(=O)(Oc2cccc(C)c2)Oc3ccccc3C)cc1,-6.01
CCOP(=S)(CC)Oc1cc(Cl)c(Cl)cc1Cl,-5.752000000000001
CS(=O)(=O)c1ccc(cc1)C(O)C(CO)NC(=O)C(Cl)Cl,-2.154
CCCC(O)C=C,-0.59
CC(C)N(C(C)C)C(=O)SCC(Cl)=C(Cl)Cl,-4.88
O=N(=O)c1cc(cc(c1)N(=O)=O)N(=O)=O,-2.89
CSC,-0.45
CC(C)Nc1nc(Cl)nc(NC(C)C)n1,-4.43
CC(=O)OCC(=O)C3(O)C(CC4C2CCC1=CC(=O)C=CC1(C)C2(F)C(O)CC34C)OC(C)=O,-4.13
CI,-1.0
CCOCC,-0.09
CN(C)c2c(C)n(C)n(c1ccccc1)c2=O,-0.364
c1ccoc1,-0.82
NS(=O)(=O)c2cc1c(NCNS1(=O)=O)cc2Cl,-2.63
Clc1ccc2ccccc2c1,-4.14
CCNc1nc(NC(C)C)nc(SC)n1,-3.04
CN2C(=C(O)c1ccccc1S2(=O)=O)C(=O)Nc3ccccn3,-4.16
Cc1ccccc1Br,-2.23
Cc1ccc(cc1N(=O)=O)N(=O)=O,-2.82
CCC(C)(O)CC,-0.36
Oc1ccc(Cl)cc1Cc2cc(Cl)ccc2O,-3.953
CC(=C)C=C,-2.03
CCOC=O,0.15
CCCCCCCCCCCCCCCCCCO,-8.4
Cc1cc(C)c2ccccc2c1,-4.29
O=C2NC(=O)C1(CCCC1)C(=O)N2,-2.349
c1ccccc1n2ncc(N)c(Br)c2(=O),-3.127
CCOC(=O)c1cncn1C(C)c2ccccc2,-4.735
CC1CC2C3CCC4=CC(=O)C=CC4(C)C3(F)C(O)CC2(C)C1(O)C(=O)CO,-3.59
OCc1ccccc1,-0.4
O=C2NC(=O)C1(CCCCCCC1)C(=O)N2,-2.982
c1ccccc1C(O)c2ccccc2,-2.55
Fc1cccc(F)c1,-2.0
Cc1ccc(N)cc1,-1.21
CCO,1.1
CC12CCC(O)CC1CCC3C2CCC4(C)C3CCC4=O,-4.402
CC45CCC2C(CCC3CC1SC1CC23C)C4CCC5O,-5.41
COP(=S)(OC)Oc1ccc(cc1Cl)N(=O)=O,-4.31
CCCCOC(=O)CCCCCCCCC(=O)OCCCC,-3.896
Oc1cc(Cl)ccc1Oc2ccc(Cl)cc2Cl,-4.46
c1ccc2cc3cc4ccccc4cc3cc2c1,-8.6
N#Cc1ccccc1C#N,-2.38
Oc1cc(Cl)c(Cl)cc1Cl,-2.21
CC(=O)CCC1C(=O)N(N(C1=O)c2ccccc2)c3ccccc3,-3.27
CC(C)(C)CCO,-0.5
O=C1NC(=O)NC(=O)C1(C)C,-1.742
CCCCCCCO,-1.81
OCC(O)COC(=O)c1ccccc1Nc2ccnc3cc(Cl)ccc23,-4.571000000000001
c1c(NC(=O)c2ccccc2(I))cccc1,-4.21
CCCC#C,-1.64
CCCCSP(=O)(SCCCC)SCCCC,-5.14
CN(C)C(=O)C,1.11
CCN2c1nc(N(C)(CCO))ccc1NC(=O)c3cccnc23,-3.36
Cn2c(=O)n(C)c1ncn(CC(O)CO)c1c2=O,-0.17
COP(=S)(OC)Oc1ccc(N(=O)=O)c(C)c1,-4.04
CC34CCC1C(CCc2cc(O)ccc12)C3CCC4(O)C#C,-4.3
CC34CCC1C(CCC2=CC(=O)CCC12O)C3CCC4(O)C#C,-4.57
CCCC(C)(COC(N)=O)COC(N)=O,-1.807
ClC(Cl)(Cl)C#N,-2.168
CNC(=O)Oc1cccc2CC(C)(C)Oc12,-2.8
CC34CC(O)C1(F)C(CCC2=CC(=O)C=CC12C)C3CC(O)C4(O)C(=O)CO,-3.68
CN(C)C(=O)Nc2ccc(Oc1ccc(Cl)cc1)cc2,-4.89
Clc1cccc(Br)c1,-3.21
ClC(Cl)C(Cl)Cl,-1.74
Clc1c(Cl)c(Cl)c(N(=O)=O)c(Cl)c1Cl,-5.82
COP(=O)(OC)OC(=CCl)c1cc(Cl)c(Cl)cc1Cl,-4.522
COc2cnc1ncncc1n2,-1.139
Clc1ccc(Cl)c(Cl)c1Cl,-4.57
CC(=O)OCC(COC(=O)C)OC(=O)C,-0.6
Cc1cccc2c1ccc3ccccc32,-5.85
O=C(Cn1ccnc1N(=O)=O)NCc2ccccc2,-2.81
CCC1(CCC(=O)NC1=O)c2ccccc2,-2.337
O=C1NC(=O)NC(=O)C1(CC)CC,-2.4
O=N(=O)c1cc(Cl)c(Cl)cc1,-3.2
Clc1cccc2ccccc12,-3.93
CCCCCCC(C)O,-2.09
CCC(C)C1(CC(Br)=C)C(=O)NC(=O)NC1=O,-2.647
ClCC(C)C,-2.0
Nc1ccc(cc1)c2ccc(N)cc2,-2.7
CCOP(=S)(OCC)Oc1ccc(cc1)N(=O)=O,-4.66
CCOC(=O)c1ccccc1,-2.32
O=c2[nH]c(=O)c1[nH]c(=O)[nH]c1[nH]2,-3.93
COC(=O)C,0.46
CCNc1ccccc1,-1.7
c1ccc2c(c1)cc3ccc4cccc5ccc2c3c45,-8.699
BrC(Br)(Br)Br,-3.14
CCI,-1.6
CC1OC(CC(O)C1O)OC2C(O)CC(OC2C)OC8C(O)CC(OC7CCC3(C)C(CCC4C3CCC5(C)C(CCC45O)C6=CC(=O)OC6)C7)OC8C,-5.292999999999999
CC2(C)C1CCC(C)(C1)C2=O,-1.85
CC(=O)OCC(=O)C3(O)CCC4C2CCC1=CC(=O)C=CC1(C)C2C(O)CC34C,-4.37
C/C1CCC(\C)CC1,-4.47
COP(=S)(OC)SCC(=O)N(C(C)C)c1ccc(Cl)cc1,-4.432
OCC1OC(OC2C(O)C(O)C(O)OC2CO)C(O)C(O)C1O,-0.244
CC(C)(C)C(=O)C(Oc1ccc(Cl)cc1)n2cncn2,-3.61
CC12CC(=O)C3C(CCC4=CC(=O)CCC34C)C2CCC1(O)C(=O)CO,-3.11
CSc1nc(nc(n1)N(C)C)N(C)C,-2.676
CCCCCCC=C,-4.44
Oc1ccccc1Cl,-1.06
CCCOC(=O)C,-0.72
CCCOC(=O)CC,-0.82
CC1=C(SCCO1)C(=O)Nc2ccccc2,-3.14
CCOP(=S)(OCC)SCn1c(=O)oc2cc(Cl)ccc12,-5.233
C=Cc1ccccc1,-2.82
Brc1ccccc1Br,-3.5
CCCCC(C)(C)O,-1.08
FC(F)(F)C(Cl)Br,-1.71
O2c1ccc(N)cc1N(C)C(=O)c3cc(C)ccc23,-3.928
CCN2c1cc(OC)cc(C)c1NC(=O)c3cccnc23,-5.153
Nc3ccc2cc1ccccc1cc2c3,-5.17
Cn2c(=O)on(c1ccc(Cl)c(Cl)c1)c2=O,-2.82
CCCCCCCC(=O)OCC,-3.39
Nc1cccc(c1)N(=O)=O,-2.19
CC(C)Oc1cc(c(Cl)cc1Cl)n2nc(oc2=O)C(C)(C)C,-5.696000000000001
C1CCCCCC1,-3.51
CCC1(CCC(C)C)C(=O)NC(=O)NC1=O,-2.468
COc1cc(CC=C)ccc1O,-1.56
c1ccsc1,-1.33
Nc1ccc(cc1)S(=O)(=O)c2ccc(N)cc2,-3.094
O=C1c2ccccc2C(=O)c3ccccc13,-5.19
c1ccc2ccccc2c1,-3.6
COC(=O)c1ccccc1,-1.85
CC(C)CO,0.1
COCC(=O)N(C(C)C(=O)OC)c1c(C)cccc1C,-1.601
CN(C)C(=O)NC1CC2CC1C3CCCC23,-3.1710000000000003
CC(=O)C(C)(C)C,-0.72
CCCCC(CC)COC(=O)c1ccccc1C(=O)OCC(CC)CCCC,-6.96
COc5cc4OCC3Oc2c1CC(Oc1ccc2C(=O)C3c4cc5OC)C(C)=C,-4.42
CCOc1ccc(NC(N)=O)cc1,-2.17
ClC2=C(Cl)C3(Cl)C1C=CCC1C2(Cl)C3(Cl)Cl,-5.64
CC(=C)C,-2.33
Oc1cccc(c1)N(=O)=O,-1.01
CCC(C)CCO,-0.71
Nc1cccc2ccccc12,-1.92
CCC(Br)(CC)C(=O)NC(N)=O,-2.68
CCCCCCCl,-3.12
CN(C)C(=O)Nc1ccc(C)c(Cl)c1,-3.483
CN2C(=O)CN=C(c1ccccc1)c3cc(ccc23)N(=O)=O,-3.796
Oc1ccccn1,1.02
CCCCCCCC(C)O,-2.74
CCC#CCC,-1.99
COc2cc1c(N)nc(nc1c(OC)c2OC)N3CCN(CC3)C(=O)OCC(C)(C)O,-3.638
C,-0.9
OCC1OC(O)(CO)C(O)C1O,0.64
CC(C)=CC3C(C(=O)OCc2cccc(Oc1ccccc1)c2)C3(C)C,-5.24
Nc1ccccc1Cl,-1.52
c2ccc1nc(ccc1c2)c4ccc3ccccc3n4,-5.4
c1cnc2c(c1)ccc3ncccc23,-2.68
CC12CCC(CC1)C(C)(C)O2,-1.74
ClC(Cl)C(Cl)(Cl)SN2C(=O)C1CC=CCC1C2=O,-5.4
Nc1nccs1,-0.36
c1c(Br)ccc2ccccc12,-4.4
O=C1CCC(=O)N1,0.3
Clc1cccc(c1)N(=O)=O,-2.77
CCCCCCc1ccccc1,-5.21
Clc1ccccc1c2ccccc2,-4.54
COc1ccccc1Cl,-2.46
CCOC2Oc1ccc(OS(C)(=O)=O)cc1C2(C)C,-3.42
Clc1ccc(c(Cl)c1)c2cc(Cl)ccc2Cl,-6.57
COC(C)(C)C,-0.24
CCCCCCCCCCCCCCCC,-8.4
CCCN(CCC)c1c(cc(cc1N(=O)=O)S(N)(=O)=O)N(=O)=O,-5.16
CC1CCCCC1NC(=O)Nc2ccccc2,-4.11
CC(=O)OC3CCC4C2CCC1=CC(=O)CCC1(C)C2CCC34C,-5.184
c1ccccc1SC,-2.39
CCCCC(C)CC,-5.16
Clc1ccc(cc1)c2ccc(Cl)cc2,-6.56
Fc1cccc(F)c1C(=O)NC(=O)Nc2cc(Cl)c(F)c(Cl)c2F,-7.28
NNc1ccccc1,0.07
CC34CC(O)C1(F)C(CCC2=CC(=O)CCC12C)C3CCC4(O)C(=O)CO,-3.43
CCCO,0.62
Clc1ccc(Cl)c(c1)c2cccc(Cl)c2Cl,-6.47
CCCCCOC(=O)CC,-1.28
CC(C)N(=O)=O,-0.62
COc1ccc(cc1)C(c2ccc(OC)cc2)C(Cl)(Cl)Cl,-6.89
CC=C,-1.08
COc1ccccc1OCC(O)COC(N)=O,-0.985
CC12CCC(=O)C=C1CCC3C2CCC4(C)C3CCC4(O)C#C,-5.66
Clc1cccc(Cl)c1,-3.04
Cc1cccc(C)c1O,-1.29
Oc1cccc(O)c1,0.81
CCCSCCC,-2.58
Nc1ccccc1O,-0.72
O2c1ccccc1N(C)C(=O)c3cccnc23,-3.672
Cn1c(=O)n(C)c2nc[nH]c2c1=O,-1.39
Cn1ccc(=O)[nH]c1=O,-0.807
CCOP(=S)(OCC)SC(CCl)N2C(=O)c1ccccc1C2=O,-6.34
CC34CCC1C(CCC2CC(O)CCC12C)C3CCC4=O,-4.16
CCCC(C)(C)CO,-1.52
CC13CCC(=O)C=C1CCC4C2CCC(C(=O)CO)C2(CC(O)C34)C=O,-3.85
Cc1ncnc2nccnc12,-0.466
CCSCc1ccccc1OC(=O)NC,-2.09
CCSSCC,-2.42
CN1CC(O)N(C1=O)c2nnc(s2)C(C)(C)C,-1.877
C=CC=C,-1.87
CC(C)Cc1ccccc1,-4.12
CCCCN(C)C(=O)Nc1ccc(Cl)c(Cl)c1,-4.77
CCCCCC,-3.84
Cc1ccccc1n3c(C)nc2ccccc2c3=O,-2.925
Cn1cnc2n(C)c(=O)[nH]c(=O)c12,-2.523
Sc1ccccc1,-2.12
N(c1ccccc1)c2ccccc2,-3.504
CC,-1.36
CCCOC(=O)c1ccc(N)cc1,-2.452
CC(C)OC(=O)Nc1cccc(Cl)c1,-3.38
CC1(C)C(C(=O)OC(C#N)c2cccc(Oc3ccccc3)c2)C1(C)C,-6.025
CC(=O)CC(c1ccc(Cl)cc1)c2c(O)c3ccccc3oc2=O,-5.839
CNC(=O)Oc1cc(C)cc(C)c1,-2.5810000000000004
c1ccccc1C(O)C(O)c2ccccc2,-1.93
COP(=S)(OC)Oc1cc(Cl)c(Br)cc1Cl,-6.09
CCOP(=S)(OCC)Oc1nc(Cl)n(n1)C(C)C,-3.658
CCC(=C(CC)c1ccc(O)cc1)c2ccc(O)cc2,-4.07
C/C1CCCCC1\C,-4.3
NC(=O)c1cccnc1,0.61
CCOP(=S)(OCC)ON=C(C#N)c1ccccc1,-4.862
CCCCCCl,-2.73
ClC(=C)Cl,-1.64
CCC=C,-1.94
CSc1nc(NC(C)C)nc(NC(C)C)n1,-4.1
COC(=O)Nc1cccc(OC(=O)Nc2cccc(C)c2)c1,-4.805
Cc1ccc(cc1)N(=O)=O,-2.49
CCOC(=O)CC(=O)OCC,-0.82
CCCCCBr,-3.08
CCc1ccccc1CC,-3.28
CCN(CC(C)=C)c1c(cc(cc1N(=O)=O)C(F)(F)F)N(=O)=O,-6.124
CNC(=O)ON=C(SC)C(=O)N(C)C,0.106
CCCCCOC(=O)C,-1.89
CC1OC(CC(O)C1O)OC2C(O)CC(OC2C)OC8C(O)CC(OC7CCC3(C)C(CCC4C3CC(O)C5(C)C(CCC45O)C6=CC(=O)OC6)C7)OC8C,-4.081
c1nccc(C(=O)NN)c1,0.009
Oc1cc(Cl)cc(Cl)c1,-1.34
CCOC(=O)CC(SP(=S)(OC)OC)C(=O)OCC,-3.37
CCCCCCCCCCCCCCO,-5.84
CCCCCCCCCCCCCCCCCCCC,-8.172
FC(F)(F)c1ccccc1,-2.51
COc1ccc(C=CC)cc1,-3.13
c1c(O)C2C(=O)C3cc(O)ccC3OC2cc1(OC),-2.943
C=CCCC=C,-2.68
Cc1occc1C(=O)Nc2ccccc2,-3.3
CCc1ccc(C)cc1,-3.11
CC(C)CBr,-2.43
CCCC(=O)OCC,-1.36
Cc1cc(C)c(C)cc1C,-4.59
COCOC,0.48
c1cc2ccc3ccc4ccc5ccc6ccc1c7c2c3c4c5c67,-9.332
c1c(NC(=O)OC(C)C(=O)NCC)cccc1,-1.83
CCCCC1C(=O)N(N(C1=O)c2ccc(O)cc2)c3ccccc3,-3.73
NC(N)=NC#N,-0.31
CCC(C)c1cc(cc(N(=O)=O)c1O)N(=O)=O,-3.38
CN(C)C(=O)Nc1ccccc1,-1.6
CC(=O)OC3(CCC4C2CCC1=CC(=O)CCC1C2CCC34C)C#C,-4.8
CCC(O)CC,-0.24
ClC(Cl)CC(=O)NC2=C(Cl)C(=O)c1ccccc1C2=O,-5.03
Oc1ccccc1N(=O)=O,-1.74
C1CCC=CCC1,-3.18
NS(=O)(=O)c2cc1c(N=CNS1(=O)=O)cc2Cl,-3.05
COc1cc(cc(OC)c1O)C6C2C(COC2=O)C(OC4OC3COC(C)OC3C(O)C4O)c7cc5OCOc5cc67,-3.571
CCN(CC)C(=S)SSC(=S)N(CC)CC,-4.86
CC(C)(C)CO,-0.4
CCCCC#C,-2.36
Cc3nnc4CN=C(c1ccccc1Cl)c2cc(Cl)ccc2n34,-4.09
Oc1cccc(Cl)c1,-0.7
Cc1ccc(Cl)cc1,-3.08
Clc2c(Cl)c(Cl)c(c1ccccc1)c(Cl)c2Cl,-7.92
Cc1cccc(C)c1C,-3.2
Clc1cccc(Cl)c1c2ccccc2,-5.21
CCCCCCC(=O)OCC,-2.74
CON(C)C(=O)Nc1ccc(Br)c(Cl)c1,-3.924
CCC1CCCCC1,-4.25
CCOP(=S)(OCC)SCSCC,-4.11
COC(=O)c1ccccc1OC2OC(COC3OCC(O)C(O)C3O)C(O)C(O)C2O,-0.742
CCCCCCBr,-3.81
CCCC(=C)C,-3.03
ClCCBr,-1.32
O=C2NC(=O)C1(CCCCC1)C(=O)N2,-3.06
Cc1c2ccccc2c(C)c3ccccc13,-6.57
Clc1cccc(c1Cl)c2cccc(Cl)c2Cl,-7.28
CC2Cc1ccccc1N2NC(=O)c3ccc(Cl)c(c3)S(N)(=O)=O,-3.5860000000000003
O=C1NC(=O)NC(=O)C1(CC=C)c1ccccc1,-2.369
Oc1ccc(Cl)cc1C(=O)Nc2ccc(cc2Cl)N(=O)=O,-4.7
CCC,-1.94
c1ccc2ncccc2c1,-1.3
FC(F)(F)c1cccc(c1)N2CC(CCl)C(Cl)C2=O,-4.047
CC12CC(O)C3C(CCC4=CC(=O)CCC34C)C2CCC1(O)C(=O)CO,-3.09
Oc1ccc(cc1)C2(OC(=O)c3ccccc23)c4ccc(O)cc4,-2.9
Oc1ccncc1,1.02
CN(C)C(=O)Oc1nc(nc(C)c1C)N(C)C,-1.95
CC12CC2(C)C(=O)N(C1=O)c3cc(Cl)cc(Cl)c3,-4.8
NC(=N)NS(=O)(=O)c1ccc(N)cc1,-1.99
O=C1NC(=O)NC(=O)C1(CC)CCC(C)C,-2.658
Clc1ccc(Br)cc1,-3.63
COc1nc(NC(C)C)nc(NC(C)C)n1,-2.478
CCc1cccc(C)c1N(C(C)COC)C(=O)CCl,-2.73
CCCC1CCCC1,-4.74
c1c(Cl)cccc1c2ccccc2,-4.88
c1cc(O)c(O)c2OCC3(O)CC4=CC(=O)C(O)=CC4=C3c21,-2.7
CC(C)CCOC(=O)C,-1.92
CC=C(C)C,-2.56
C(c1ccccc1)c2ccccc2,-4.08
Clc1ccc(cc1)c2ccccc2Cl,-5.28
BrC(Br)Br,-1.91
CC34CCc1c(ccc2cc(O)ccc12)C3CCC4=O,-5.24
OC1CCCCC1,-0.44
CCC(C)C(=O)C,-0.67
NC(=O)N,0.96
Nc1ccc(Cl)cc1,-1.66
CCC1(C(=O)NC(=O)NC1=O)c2ccccc2,-2.322
CC(=O)CC(c1ccccc1)c3c(O)c2ccccc2oc3=O,-3.893
CCCCOCCO,-0.42
CN(C)C(=O)Nc1cccc(OC(=O)NC(C)(C)C)c1,-2.93
Oc1ccc2ccccc2c1,-2.28
c1ccc2cnccc2c1,-1.45
ClCCl,-0.63
CCOc2ccc1nc(sc1c2)S(N)(=O)=O,-3.81
ClC4=C(Cl)C5(Cl)C3C1CC(C2OC12)C3C4(Cl)C5(Cl)Cl,-6.29
COP(=S)(OC)SCC(=O)N(C)C=O,-1.995
C1CCCCC1,-3.1
Fc1ccccc1Br,-2.7
CCCC1C(=O)N3N(C1=O)c2cc(C)ccc2N=C3N(C)C,-3.5380000000000003
CCCCCCCC(=O)OC,-3.17
CCN(CC)c1c(cc(c(N)c1N(=O)=O)C(F)(F)F)N(=O)=O,-5.47
C=C,-0.4
Cc1ccc2cc(C)ccc2c1,-4.89
Clc1cc(Cl)cc(Cl)c1,-4.48
CCc1cccc(CC)c1N(COC)C(=O)CCl,-3.26
O=C1N(COC(=O)C)C(=O)C(N1)(c2ccccc2)c3ccccc3,-4.47
c1ccc(Cl)cc1C(c2ccc(Cl)cc2)(O)C(=O)OC(C)C,-4.53
CCCCCC=O,-1.3
CCCCCCCCCCCC(=O)OC,-4.69
NS(=O)(=O)c3cc2c(NC(Cc1ccccc1)NS2(=O)=O)cc3C(F)(F)F,-3.59
CC(C)c1ccc(C)cc1O,-2.22
CCCCCCCCC(=O)OC,-3.38
c1cc2ccc3cccc4ccc(c1)c2c34,-6.176
O=C1N(COC(=O)CCCCCCC)C(=O)C(N1)(c2ccccc2)c3ccccc3,-6.523
CCC(C)C(C)C,-4.28
CCCCOc1ccc(C(=O)OCC)c(c1)N(CC)CC,-3.84
c1ccc2c(c1)[nH]c3ccccc32,-5.27
c1(O)cc(O)ccc1CCCCCC,-2.59
O=c2c(C3CCCc4ccccc43)c(O)c1ccccc1o2,-2.84
COC=O,0.58
ClCCCCl,-1.62
COP(=S)(OC)Oc1cc(Cl)c(Cl)cc1Cl,-5.72
ClC(=C(Cl)Cl)Cl,-2.54
CC(C)N(C(C)C)C(=O)SCC(=CCl)Cl,-4.2860000000000005
OCC(NC(=O)C(Cl)Cl)C(O)c1ccc(cc1)N(=O)=O,-2.111
ClCBr,-0.89
CN2C(=O)CN=C(c1ccccc1)c3cc(Cl)ccc23,-3.754
Oc1ccc(Br)cc1,-1.09
CCOP(=S)(OCC)Oc1ccc(cc1)S(C)=O,-2.3
O=c1[nH]cnc2nc[nH]c12,-2.296
O=C1NC(=O)C(N1)(c2ccccc2)c3ccccc3,-4.097
CCOP(=S)(OCC)Oc2ccc1oc(=O)c(Cl)c(C)c1c2,-5.382000000000001
CCCCCC(=O)OC,-1.87
Clc1ccccc1I,-3.54
OC1CCCCCC1,-0.88
O=C2NC(=O)C1(CC1)C(=O)N2,-1.886
Cn2cc(c1ccccc1)c(=O)c(c2)c3cccc(c3)C(F)(F)F,-4.445
Fc1cccc(Br)c1,-2.67
O=C2NC(=O)C1(CCCCCC1)C(=O)N2,-3.168
CCCCC(O)CC,-1.47
c1(OC)ccc(CC=C)cc1,-2.92
NC(=O)NC1NC(=O)NC1=O,-1.6
O=c1[nH]cnc2[nH]ncc12,-2.266
OC(Cn1cncn1)(Cn2cncn2)c3ccc(F)cc3F,-1.8
FC(F)(Cl)C(F)(F)Cl,-2.74
C1c2ccccc2c3ccc4ccccc4c13,-6.68
CCN(CC)c1nc(Cl)nc(NC(C)C)n1,-3.785
CCC(O)(CC)CC,-0.85
O=C2NC(=O)C1(CCC1)C(=O)N2,-1.655
Clc1ccc(cc1)c2cccc(Cl)c2Cl,-6.29
CCOC(=O)CC,-0.66
Cc1ccccc1C,-2.8
ClC(Cl)(Cl)C(Cl)(Cl)Cl,-3.67
Clc1ccc(cc1)c2cc(Cl)ccc2Cl,-6.25
CCc1cccc2ccccc12,-4.17
ClC(Cl)C(c1ccc(Cl)cc1)c2ccc(Cl)cc2,-7.2
O2c1cc(C)ccc1N(C)C(=O)c3cc(N)cnc23,-3.043
Clc1ccc(c(Cl)c1)c2cc(Cl)c(Cl)c(Cl)c2Cl,-7.39
CCCCCCCCCCCCCCCCO,-7.0
CC(C)=CCCC(C)=CC(=O),-2.06
COCCCNc1nc(NC(C)C)nc(SC)n1,-2.928
CCCC1COC(Cn2cncn2)(O1)c3ccc(Cl)cc3Cl,-3.4930000000000003
CC(Cl)(Cl)Cl,-2.0
OCC(O)C(O)C(O)C(O)CO,0.06
CC(Cl)Cl,-1.29
CCCCC(C)O,-0.89
NC(=S)Nc1ccccc1,-1.77
C1(=O)NC(=O)NC(=O)C1(O)C2(O)C(=O)NC(=O)NC2(=O),-1.99
Cc1ccc(C)c(C)c1,-3.31
CN(C)C(=O)N(C)C,0.94
CCCCCO,-0.6
CC(C)OP(=S)(OC(C)C)SCCNS(=O)(=O)c1ccccc1,-4.2
Cc1c(cccc1N(=O)=O)N(=O)=O,-3.0
C1C=CCC=C1,-2.06
Clc1ccc(c(Cl)c1)c2c(Cl)c(Cl)c(Cl)c(Cl)c2Cl,-7.92
Clc1ccc(cc1)c2c(Cl)cccc2Cl,-6.14
Cc1cccc(N)c1,-0.85
ClC1C(Cl)C(Cl)C(Cl)C(Cl)C1Cl,-4.64
CCCCCCCCCC(C)O,-2.94
Clc1ccc(c(Cl)c1Cl)c2ccc(Cl)c(Cl)c2Cl,-8.01
C1CCOCC1,-0.03
CC(=O)SC4CC1=CC(=O)CCC1(C)C5CCC2(C)C(CCC23CCC(=O)O3)C45,-4.173
C=CCS(=O)SCC=C,-0.83
c1c(OC)c(OC)C2C(=O)OCC2c1,-1.899
Clc1ccccc1,-2.38
CCCCS,-2.18
Oc1cc(Cl)c(Cl)c(Cl)c1Cl,-3.15
CCOP(=S)(OCC)SCSP(=S)(OCC)OCC,-5.54
O=C3CN=C(c1ccccc1)c2cc(ccc2N3)N(=O)=O,-3.796
CC(C)C(C)(C)C,-4.36
CO,1.57
Oc1c(Cl)cc(Cl)c(Cl)c1Cl,-3.1
c1(C(=O)OCCCCCC(C)(C))c(C(=O)OCCCCCC(C)(C))cccc1,-6.6370000000000005
COc2ncc1nccnc1n2,-1.11
Fc1c[nH]c(=O)[nH]c1=O,-1.077
c3ccc2c(O)c1ccccc1cc2c3,-4.73
C1N(C(=O)NCC(C)C)C(=O)NC1,-2.15
c2cnc1ncncc1n2,0.02
CC1CCCCC1,-3.85
Sc2nc1ccccc1s2,-3.18
CCCCC(=O)OC3(C(C)CC4C2CCC1=CC(=O)C=CC1(C)C2(F)C(O)CC34C)C(=O)CO,-4.71
CCC(C)(C)Cl,-2.51
CC(C)NC(=O)N1CC(=O)N(C1=O)c2cc(Cl)cc(Cl)c2,-4.376
Cc2cccc3sc1nncn1c23,-2.07
CCC(=C)C,-2.73
CCCCCCCC#C,-4.24
ClC1C=CC2C1C3(Cl)C(=C(Cl)C2(Cl)C3(Cl)Cl)Cl,-6.317
CCC(CC)C=O,-1.52
CCC(=O)Nc1ccc(Cl)c(Cl)c1,-3.0
CC34CCC1C(CCC2=CC(=O)CCC12C)C3CCC4=O,-3.69
O=N(=O)c1c(Cl)c(Cl)ccc1,-3.48
CCNP(=S)(OC)OC(=CC(=O)OC(C)C)C,-3.408
CCOC(=O)NCCOc2ccc(Oc1ccccc1)cc2,-4.7
Clc1ccc(Cl)c(c1)c2c(Cl)c(Cl)cc(Cl)c2Cl,-7.42
c1cC2C(=O)NC(=O)C2cc1,-2.932
O(c1ccccc1)c2ccccc2,-3.96
CCCCCCCCC,-5.88
CCCCN(CC)C(=O)SCCC,-3.53
CC(C)CC(C)C,-4.26
CCC(C)(C)O,0.15
CC1(C)C2CCC1(C)C(O)C2,-2.32
OC(c1ccc(Cl)cc1)(c2cncnc2)c3ccccc3Cl,-4.38
Oc1cccc2ncccc12,-2.54
CCCCCC(C)O,-1.55
CC(C)CC(C)(C)C,-4.74
ClC(Cl)C(c1ccc(Cl)cc1)c2ccccc2Cl,-6.51
CNc1ccccc1,-1.28
ClCC(Cl)Cl,-1.48
c1ccc2c3c(ccc2c1)c4cccc5cccc3c45,-8.0
CCCCCCCCCCCCCCCO,-6.35
CC(C)=CCC/C(C)=C\CO,-2.46
FC(F)(Cl)C(F)(Cl)Cl,-3.04
CN(C)C(=O)Nc1ccc(Cl)cc1,-2.89
CCCCCCC(=O)C,-2.05
CCCCCC(C)(C)O,-1.72
CCOP(=S)(OCC)SC(CCl)N1C(=O)c2ccccc2C1=O,-6.34
COc1ccccc1O,-1.96
Clc1ccc(c(Cl)c1)c2c(Cl)ccc(Cl)c2Cl,-7.43
Brc1cc(Br)c(Br)cc1Br,-6.98
Clc2ccc(Oc1ccc(cc1)N(=O)=O)c(Cl)c2,-5.46
CC12CC(O)C3C(CCC4=CC(=O)C=CC34C)C2CCC1(O)C(=O)CO,-3.18
CCC(C)O,0.47
CCOC(=O)c1ccc(N)cc1,-2.616
CC(C)C(=O)C(C)C,-1.3
Cc1ccc(O)c(C)c1,-1.19
CC1(C)C2CCC1(C)C(=O)C2,-1.96
c3ccc2nc1ccccc1cc2c3,-3.67
CC(C)O,0.43
Clc1ccc(c(Cl)c1)c2ccc(Cl)c(Cl)c2Cl,-7.8
CSc1nnc(c(=O)n1N)C(C)(C)C,-2.253
Cc1ccncc1C,0.36
c1ccc2c(c1)ccc3c4ccccc4ccc23,-8.057
Brc1cc(Br)cc(Br)c1,-5.6
CC34CCC1C(=CCc2cc(O)ccc12)C3CCC4=O,-5.282
CC5(C)OC4CC3C2CCC1=CC(=O)C=CC1(C)C2(F)C(O)CC3(C)C4(O5)C(=O)CO,-4.31
CCOc1ccccc1,-2.33
CN(C)c1nc(nc(n1)N(C)C)N(C)C,-3.364
CCCC(C)(O)CC,-0.98
COc1ccc(Cl)cc1,-2.78
Oc1cccc(Cl)c1Cl,-1.3
NC(=S)N,0.32
CC(=C)C(=C)C,-2.4
OC4=C(C1CCC(CC1)c2ccc(Cl)cc2)C(=O)c3ccccc3C4=O,-5.931
CCCCCCCCOC(=O)c1ccccc1C(=O)OCCCCCCCC,-5.115
CCCOCC,-0.66
CCOP(=S)(OCC)Oc1cc(C)nc(n1)C(C)C,-3.64
CCC(C)(C)CC,-4.23
O=C1N(COC(=O)CC)C(=O)C(N1)(c2ccccc2)c3ccccc3,-4.907
N#Cc1ccccc1,-1.0
Nc1ccc(cc1)S(N)(=O)=O,-1.34
COP(=S)(OC)Oc1ccc(SC)c(C)c1,-4.57
O=C1NC(=O)NC(=O)C1(CC)C(C)CC,-2.39
CC(OC(=O)Nc1cccc(Cl)c1)C#C,-2.617
Clc1cc(Cl)c(Cl)c(Cl)c1,-4.63
Clc1ccc(cc1Cl)c2cc(Cl)c(Cl)c(Cl)c2Cl,-7.82
CCC#C,-1.24
CC(Cl)CCl,-1.6
Clc1cccc(n1)C(Cl)(Cl)Cl,-3.76
COc1ccc(C=O)cc1,-1.49
Cc1c(cc(cc1N(=O)=O)N(=O)=O)N(=O)=O,-3.22
ClC1=C(Cl)C(Cl)(C(=C1Cl)Cl)C2(Cl)C(=C(Cl)C(=C2Cl)Cl)Cl,-7.278
COC(C)(C)CCCC(C)CC=CC(C)=CC(=O)OC(C)C,-5.19
CCCCc1ccccc1,-4.06
CCOC(=O)N(C)C(=O)CSP(=S)(OCC)OCC,-2.518
CC(=C)C1CC=C(C)C(=O)C1,-2.06
CCCCCc1ccccc1,-4.64
CC(=O)C3(C)CCC4C2C=C(C)C1=CC(=O)CCC1(C)C2CCC34C,-5.27
c1ccc2c(c1)c3cccc4cccc2c34,-6.0
CC(=O)OCC(=O)C3(O)CCC4C2CCC1=CC(=O)CCC1(C)C2C(=O)CC34C,-4.21
Cc1cc(=O)[nH]c(=S)[nH]1,-2.436
CCCCCCCCC(=O)OCC,-3.8
c1ccccc1(OC(=O)NC),-1.803
O=C1NC(=O)NC(=O)C1(CC)C(C)CCC,-2.39
CCOC(=O)c1ccccc1C(=O)OCC,-2.35
COC(=O)C1=C(C)NC(=C(C1c2ccccc2N(=O)=O)C(=O)OC)C,-4.76
CCN(CC)C(=O)CSc1ccc(Cl)nn1,-1.716
CN(C=Nc1ccc(C)cc1C)C=Nc2ccc(C)cc2C,-5.47
ClCC#N,-0.092
CCC(C)CO,-0.47
CC(=O)Nc1nnc(s1)S(N)(=O)=O,-2.36
Clc1cc(Cl)c(cc1Cl)c2cc(Cl)c(Cl)cc2Cl,-8.56
CN(C)C(=O)NC1CCCCCCC1,-2.218
Cc1cc(C)c(C)c(C)c1C,-4.0
C1C(O)CCC2(C)CC3CCC4(C)C5(C)CC6OCC(C)CC6OC5CC4C3C=C21,-7.32
OCC2OC(Oc1ccccc1CO)C(O)C(O)C2O,-0.85
NC(=O)c1ccccc1O,-1.82
CCN2c1ccccc1N(C)C(=S)c3cccnc23,-4.706
c2ccc1scnc1c2,-1.5
COc2c1occc1c(OC)c3c(=O)cc(C)oc23,-3.0210000000000004
CSSC,-1.44
CCCCCCCCl,-4.0
CC1CC2C3CC(F)C4=CC(=O)C=CC4(C)C3(F)C(O)CC2(C)C1(O)C(=O)CO,-5.613
c1ccnnc1,1.1
CCCCC=C,-3.23
CCC#N,0.28
Oc1ccc(C=O)cc1,-0.96
c1cncnc1,1.1
Oc1ccc(Cl)cc1,-0.7
Oc1c(Cl)cccc1Cl,-1.79
C1CCCC1,-2.64
O=C(Nc1ccccc1)Nc2ccccc2,-3.15
CCN2c1cc(N(C)C)cc(C)c1NC(=O)c3cccnc23,-4.871
Oc2ccc1ncccc1c2,-2.16
Cc1cccc(C)c1NC(=O)c2cc(c(Cl)cc2O)S(N)(=O)=O,-3.79
Cc1ccccc1O,-0.62
CC(=O)Nc1ccc(Cl)cc1,-2.843
CCC(=O)OC3CCC4C2CCC1=CC(=O)CCC1(C)C2CCC34C,-5.37
CC(C)N(C(=O)CCl)c1ccccc1,-2.48
O=C1NC(=O)C(=O)C(=O)N1,-1.25
Clc1cc(Cl)c(c(Cl)c1)c2c(Cl)cccc2Cl,-7.32
CCCCCCC,-4.53
OCC3OC(OCC2OC(OC(C#N)c1ccccc1)C(O)C(O)C2O)C(O)C(O)C3O,-0.77
c1cccc2c3c(C)cc4ccccc4c3ccc12,-6.59
CC2=CC(=O)c1ccccc1C2=O,-3.03
Cc2c(N)c(=O)n(c1ccccc1)n2C,-0.624
Clc1ccccc1N(=O)=O,-2.55
CCCCC(CC)CO,-2.11
Cc1ccccc1N(=O)=O,-2.33
OC(c1ccc(Cl)cc1)(c2ccc(Cl)cc2)C(Cl)(Cl)Cl,-5.666
CC(=O)Nc1ccc(O)cc1,-1.03
CC1(OC(=O)N(C1=O)c2cc(Cl)cc(Cl)c2)C=C,-4.925
Nc1ccccc1,-0.41
Cn1cnc2n(C)c(=O)n(C)c(=O)c12,-0.8759999999999999
OCC2OC(OC1(CO)OC(CO)C(O)C1O)C(O)C(O)C2O,0.79
ClCC,-1.06
CCCC(C)C1(CC=C)C(=O)NC(=S)NC1=O,-3.46
ClCCC#N,-0.29
Nc2cccc3nc1ccccc1cc23,-4.22
Cc1ccc2cc3ccccc3cc2c1,-6.96
CCCCCCCC=C,-5.05
CC(C)C1CCC(C)CC1O,-2.53
CCCN(=O)=O,-0.8
Cc1c(C)c2c3ccccc3ccc2c4ccccc14,-7.01
Clc1cc(Cl)c(Cl)c(Cl)c1Cl,-5.65
ClC1CC2C(C1Cl)C3(Cl)C(=C(Cl)C2(Cl)C3(Cl)Cl)Cl,-6.86
CC(C)c1ccc(NC(=O)N(C)C)cc1,-3.536
c1ccc(cc1)c2ccccc2,-4.345
Nc3nc(N)c2nc(c1ccccc1)c(N)nc2n3,-2.404
ClC(Cl)(Cl)Cl,-2.31
Cc1ncc(N(=O)=O)n1CCO,-1.26
Nc3cc2c1ccccc1ccc2c4ccccc34,-6.2
Cl\C=C/Cl,-1.3
Cc1cccc2ccccc12,-3.7
O=N(=O)c1ccc(cc1)N(=O)=O,-3.39
CCc1ccccc1C,-3.21
CCCCOCN(C(=O)CCl)c1c(CC)cccc1CC,-4.19
O=C1CCCCC1,-0.6
CC(=O)Nc1ccc(Br)cc1,-3.083
Cc1c2ccccc2c(C)c3ccc4ccccc4c13,-7.02
CC1=CCCCC1,-3.27
CC12CCC(CC1)C(C)(C)O2,-1.64
c1(O)c(C)ccc(C(C)C)c1,-2.08
CN(C)C=Nc1ccc(Cl)cc1C,-2.86
CCCCCCCCCCCCCC,-7.96
CC(C)OC(=O)C(O)(c1ccc(Br)cc1)c2ccc(Br)cc2,-4.93
CC(C)Cl,-1.41
CNC(=O)C=C(C)OP(=O)(OC)OC,0.6509999999999999
Cc1cccnc1C,0.38
COc1ccc(cc1)N(=O)=O,-2.41
CC(C)C(C)O,-0.18
CCCCCC1CCCC1,-6.08
Clc1ccc(cc1)N(=O)=O,-2.92
c2ccc1[nH]nnc1c2,-0.78
CCN2c1ccccc1N(C)C(=O)c3cccnc23,-3.324
CCCCO,0.0
CC(=O)OCC(=O)C1(O)CCC2C3CCC4=CC(=O)CCC4(C)C3C(O)CC21C,-4.88
COc1cccc(Cl)c1,-2.78
C2c1ccccc1N(CCF)C(=O)c3ccccc23,-4.799
Nc1nc(=O)[nH]cc1F,-0.972
CCOC(=O)CCN(SN(C)C(=O)Oc1cccc2CC(C)(C)Oc21)C(C)C,-4.71
CN(C)C(=O)Oc1cc(C)nn1c2ccccc2,-2.09
Cc1c[nH]c2ccccc12,-2.42
COc1ccccc1N(=O)=O,-1.96
C1SC(=S)NC1(=O),-1.77
Brc1ccc2ccccc2c1,-4.4
CC4CC3C2CCC1=CC(=O)C=CC1(C)C2(F)C(O)CC3(C)C4(O)C(=O)COC(C)=O,-4.9
COC(=O)c1ccc(O)cc1,-1.827
CC34CCC1C(CCC2CC(=O)CCC12C)C3CCC4O,-4.743
c1ccc2c(c1)sc3ccccc23,-4.38
CCCCCCCCCC(=O)OCC,-4.1
Cc1ccnc(C)c1,0.38
C/C=C/C=O,0.32
C1OC(O)C(O)C(O)C1O,0.39
BrC(Cl)Cl,-1.54
COP(=O)(OC)C(O)C(Cl)(Cl)Cl,-0.22
CCCCCC#C,-3.01
CN(C)c1ccccc1,-1.92
CC(C)CC(C)(C)O,-0.92
CCCCc1c(C)nc(nc1O)N(C)C,-2.24
CN(C)C(=O)Nc1ccc(Cl)c(Cl)c1,-3.8
Clc1cc(c(Cl)c(Cl)c1Cl)c2cc(Cl)c(Cl)c(Cl)c2Cl,-9.16
OCCCC=C,-0.15
CC34CCC1C(CC=C2CC(O)CCC12C)C3CCC4=O,-4.12
CN(C)C(=O)Nc1ccc(c(Cl)c1)n2nc(oc2=O)C(C)(C)C,-4.328
OC(CC(c1ccccc1)c3c(O)c2ccccc2oc3=O)c4ccc(cc4)c5ccc(Br)cc5,-4.445
CCC1(C(=O)NCNC1=O)c2ccccc2,-2.64
CCCCOCCCC,-1.85
Clc1ccccc1C2=NCC(=O)Nc3ccc(cc23)N(=O)=O,-3.499
Clc1ccc(Cl)c(c1)c2cc(Cl)c(Cl)c(Cl)c2Cl,-7.68
CC12CC(O)C3C(CCC4=CC(=O)CCC34C)C2CCC1C(=O)CO,-3.24
CC1CCCC1,-3.3
CCCCCCC#C,-3.66
ClC1(C2(Cl)C3(Cl)C4(Cl)C5(Cl)C1(Cl)C3(Cl)Cl)C5(Cl)C(Cl)(Cl)C24Cl,-6.8
c2ccc1ocnc1c2,-1.16
CCN(CC)c1nc(Cl)nc(n1)N(CC)CC,-4.4110000000000005
Cc1ccc(cc1)c2ccccc2,-4.62
CCCCCCCCC=C,-5.51
CNN,1.34
Oc1ccc(cc1)c2ccccc2,-3.48
O=c2[nH]c1CCCc1c(=O)n2C3CCCCC3,-4.593999999999999
CCC(=O)OC,-0.14
CC(C)I,-2.09
CC(C#C)N(C)C(=O)Nc1ccc(Cl)cc1,-3.9
CN(C)C(=O)SCCCCOc1ccccc1,-3.927
CC=CC=O,0.32
CCCCCCO,-1.24
CCOP(=S)(OCC)Oc1nc(Cl)c(Cl)cc1Cl,-5.67
OCCOc1ccccc1,-0.7
C1Cc2cccc3cccc1c23,-4.63
O=C1NC(=O)C(=O)N1,-0.4
O=C1NCCN1c2ncc(s2)N(=O)=O,-3.22
CCCCC1C(=O)N(N(C1=O)c2ccccc2)c3ccccc3,-3.81
CC(O)c1ccccc1,-0.92
C1OC1c2ccccc2,-1.6
CN(=O)=O,0.26
Clc1ccccc1Br,-3.19
CCCCC=O,-0.85
CCCCCCCCCCO,-3.63
O=C1NC(=O)NC(=O)C1(CC=C)CC=C,-2.077
COC(=O)c1ccccc1C(=O)OC,-1.66
Cc1c(C)c(C)c(C)c(C)c1C,-5.23
CC(C)c1ccccc1,-3.27
Clc1ccc(Cl)cc1,-3.27
C1Cc2ccccc2C1,-3.04
CCCC=O,-0.01
ClC(Cl)=C(c1ccc(Cl)cc1)c2ccc(Cl)cc2,-6.9
CCCCCC(=O)C,-1.45
CC34CC(=O)C1C(CCC2=CC(=O)CCC12C)C3CCC4(=O),-3.48
O=N(=O)OCC(CON(=O)=O)ON(=O)=O,-2.22
Clc1ccc(CN(C2CCCC2)C(=O)Nc3ccccc3)cc1,-5.915
O=N(=O)c1cccc2ccccc12,-3.54
CC1(C)C(C=C(Br)Br)C1C(=O)OC(C#N)c2cccc(Oc3ccccc3)c2,-8.402000000000001
CCc1ccccc1,-2.77
CC(O)C(C)(C)C,-0.62
CCOP(=S)(NC(C)C)Oc1ccccc1C(=O)OC(C)C,-4.194
Clc2ccc1oc(=O)[nH]c1c2,-2.8310000000000004
Clc1cccc(Cl)c1c2c(Cl)cccc2Cl,-7.39
CC(=O)c1ccccc1,-1.28
Nc1nc[nH]n1,0.522
CN(C)C(=O)Nc1cccc(c1)C(F)(F)F,-3.43
OC3N=C(c1ccccc1Cl)c2cc(Cl)ccc2NC3=O,-3.604
CCCc1ccccc1,-3.37
CC1CC2C3CCC(O)(C(=O)C)C3(C)CC(O)C2(F)C4(C)C=CC(=O)C=C14,-4.099
CCOc1ccc(cc1)C(C)(C)COCc3cccc(Oc2ccccc2)c3,-8.6
CCCOC(C)C,-1.34
Oc2ncc1nccnc1n2,-1.947
Brc1cccc(Br)c1,-3.54
CCC(C(CC)c1ccc(O)cc1)c2ccc(O)cc2,-4.43
C1c2ccccc2c3ccccc13,-5.0
CC12CCC3C(CCc4cc(O)ccc34)C2CCC1O,-5.03
CCC(C)C(=O)OC2CC(C)C=C3C=CC(C)C(CCC1CC(O)CC(=O)O1)C23,-6.005
CCN2c1ncccc1N(C)C(=O)c3cccnc23,-2.62
COc2cnc1cncnc1n2,-0.91
CCSC(=O)N(CC(C)C)CC(C)C,-3.68
CCNc1nc(Cl)nc(NC(C)C)n1,-3.85
